Source File	Size	loadResources	load	generateSnapshots	load-configure	scan	loadDepInfo	loadInfo	checkR4R4B	generateNarratives	validate	loadLists	checkConformanceResources	checkConformanceResources2	checkConformanceResources3	generateLogicalMaps	validateExpressions	scanForUsageStats	checkURLsUnique	processProvenanceDetails	generate1	generate2	generateLogicals	makeDependencies	generateExampleZip	generateValidationPack	scanProfilesForR5	scanExamplesForR5
/fsh-generated/resources/ImplementationGuide-ans.fhir.fr.pdsm.json	16533	-	0	0	0	0	0	0	17	58	0	0	0	0	0	1	0	0	0	0	108	144	0	0	0	4	0	2
fsh-generated/resources/Binary-6789.json	113	7	0	0	0	0	0	0	0	1	0	0	0	0	0	0	0	0	0	0	12	21	0	0	0	0	0	0
fsh-generated/resources/Bundle-a9c10f8a-882d-4000-a280-7150e0aeb478.json	851	7	11	0	0	0	0	0	0	0	0	0	0	0	0	0	0	0	0	0	10	15	0	0	0	0	0	0
fsh-generated/resources/CapabilityStatement-PDSm-ConsommateurDeDocuments.json	10962	7	0	0	1	0	0	0	2	60	0	0	0	0	0	0	0	0	0	0	47	70	0	0	0	2	0	0
fsh-generated/resources/CapabilityStatement-PDSm-GestionnaireDePartageDeDocuments.json	11361	8	0	0	0	0	0	0	2	23	0	0	0	0	0	0	0	0	0	0	45	66	0	1	0	2	0	0
fsh-generated/resources/CapabilityStatement-PDSm-ProducteurDeDocuments.json	2020	6	0	0	0	0	0	0	0	13	0	0	0	0	0	0	0	0	0	0	21	26	0	0	0	0	0	0
fsh-generated/resources/DocumentReference-PDSmSimplifiedExample.json	2235	8	0	0	0	0	0	0	0	2480	0	0	0	0	0	0	0	1	0	0	16	31	0	0	0	0	0	0
fsh-generated/resources/DocumentReference-exemple-pdsm-documentreference.json	7227	9	0	0	0	0	0	0	1	63	0	0	0	0	0	0	0	0	0	0	25	55	0	0	0	0	0	1
fsh-generated/resources/List-ExampleFolder.json	1465	7	0	0	0	0	0	0	1	4	0	6	0	0	0	0	0	0	0	0	13	50	0	0	0	0	0	0
fsh-generated/resources/List-ExampleSubmissionSet.json	6330	8	0	0	1	0	0	0	1	73	0	7	0	0	0	0	0	0	0	0	21	46	0	0	0	0	0	0
fsh-generated/resources/Organization-org-example.json	2168	7	0	0	0	0	0	0	0	7	0	0	0	0	0	0	0	0	0	0	13	21	0	0	0	0	0	0
fsh-generated/resources/Patient-fr-patient-123.json	316	7	0	0	0	0	0	0	0	1	0	0	0	0	0	0	0	0	0	0	11	21	0	0	0	0	0	0
fsh-generated/resources/SearchParameter-PDSm-DocumentReference-period-end.json	707	6	0	0	0	0	0	0	0	6	0	0	0	0	0	0	0	0	0	0	17	14	0	0	0	1	0	0
fsh-generated/resources/SearchParameter-PDSm-DocumentReference-period-start.json	721	6	0	0	0	0	0	0	0	4	0	0	0	0	0	0	0	0	0	0	21	15	0	0	0	0	0	0
fsh-generated/resources/SearchParameter-PDSm-List-PatientAsSource.json	874	7	0	0	0	0	0	0	0	5	0	0	0	0	0	0	0	0	0	0	22	14	0	0	0	0	0	0
fsh-generated/resources/SearchParameter-PDSm-List-PatientAsSubject.json	811	6	0	0	0	0	0	0	1	5	0	0	0	0	0	0	0	0	0	0	19	16	0	0	0	1	0	0
fsh-generated/resources/SearchParameter-PDSm-List-PractitionerRoleAsSource.json	1065	6	0	0	0	0	0	0	0	5	0	0	0	0	0	0	0	0	0	0	20	13	0	0	0	0	0	0
fsh-generated/resources/SearchParameter-PDSm-List-authorOrg.json	649	6	0	0	0	0	0	0	0	6	0	0	0	0	0	0	0	0	0	0	22	13	0	0	0	0	0	0
fsh-generated/resources/SearchParameter-PDSm-isArchived.json	714	6	0	0	1	0	0	0	0	5	0	0	0	0	0	0	0	0	0	0	15	15	0	0	0	1	0	0
fsh-generated/resources/StructureDefinition-pdsm-comprehensive-document-reference.json	25502	12	0	157	0	0	0	0	0	154	0	0	1	0	0	0	0	1	0	0	386	1509	0	0	0	21	0	3
fsh-generated/resources/StructureDefinition-pdsm-comprehensive-provide-document-bundle.json	3337	7	0	335	0	0	0	0	0	143	0	0	0	0	0	0	0	3	0	0	487	1466	0	0	0	31	1	4
fsh-generated/resources/StructureDefinition-pdsm-ext-intended-recipient.json	1693	6	0	53	0	0	0	0	0	15	0	0	0	0	0	0	0	0	0	0	34	108	0	0	0	1	0	0
fsh-generated/resources/StructureDefinition-pdsm-ext-is-archived.json	1728	7	0	51	0	0	0	0	0	12	0	0	0	0	0	0	0	0	0	0	32	102	0	0	0	2	0	0
fsh-generated/resources/StructureDefinition-pdsm-find-documentreferences-comprehensive-response.json	1364	6	0	97	0	0	0	0	0	25	0	0	0	0	0	0	0	1	0	0	155	456	0	0	0	9	0	2
fsh-generated/resources/StructureDefinition-pdsm-find-lists-response.json	1631	7	0	115	0	0	0	0	0	32	0	0	1	0	0	0	0	1	0	0	208	455	0	0	0	13	0	1
fsh-generated/resources/StructureDefinition-pdsm-folder-comprehensive.json	5036	7	0	61	0	0	0	0	0	30	0	0	0	0	0	0	0	0	0	0	116	314	0	0	0	8	1	1
fsh-generated/resources/StructureDefinition-pdsm-simplified-publish.json	14442	9	0	95	1	0	0	0	1	40	0	0	0	0	0	0	0	1	0	0	217	420	0	0	0	13	0	1
fsh-generated/resources/StructureDefinition-pdsm-submissionset-comprehensive.json	11198	9	0	23	0	0	0	0	0	43	0	0	0	0	0	0	0	0	0	0	213	261	0	0	0	12	0	1
/fsh-generated/includes/fsh-link-references.md	2095	-	-	-	0	0	0	0	0	0	0	0	0	0	0	0	0	0	0	0	0	1	0	0	0	0	0	0
/fsh-generated/includes/menu.xml	3394	-	-	-	0	0	0	0	0	0	0	0	0	0	0	0	0	0	0	0	0	0	0	0	0	0	0	0
/input/data/features.yml	185	-	-	-	0	0	0	0	0	0	0	0	0	0	0	0	0	0	0	0	0	0	0	0	0	0	0	0
/input/pagecontent/sf_ajout.md	12536	-	-	-	0	0	0	0	0	0	0	0	0	0	0	0	0	0	0	0	0	0	0	0	0	0	0	0
/input/pagecontent/sf_consultation.md	3646	-	-	-	0	0	0	0	0	0	0	0	0	0	0	0	0	0	0	0	0	1	0	0	0	0	0	0
/input/pagecontent/specifications_techniques.md	42	-	-	-	0	0	0	0	0	0	0	0	0	0	0	0	0	0	0	0	0	0	0	0	0	0	0	0
/input/pagecontent/st_recherche_lot.md	5133	-	-	-	0	0	0	0	0	0	0	0	0	0	0	0	0	0	0	0	0	0	0	0	0	0	0	0
/input/pagecontent/st_ajout_simplifie.md	1652	-	-	-	0	0	0	0	0	0	0	0	0	0	0	0	0	0	0	0	0	0	0	0	0	0	0	0
/input/pagecontent/st_maj.md	4081	-	-	-	0	0	0	0	0	0	0	0	0	0	0	0	0	0	0	0	0	0	0	0	0	0	0	0
/input/pagecontent/st_consultation.md	1823	-	-	-	0	0	0	0	0	0	0	0	0	0	0	0	0	0	0	0	0	0	0	0	0	0	0	0
/input/pagecontent/st_recherche_fiche.md	4537	-	-	-	0	0	0	0	0	0	0	0	0	0	0	0	0	0	0	0	0	1	0	0	0	0	0	0
/input/pagecontent/specifications_fonctionnelles.md	6413	-	-	-	0	0	0	0	0	0	0	0	0	0	0	0	0	0	0	0	0	0	0	0	0	0	0	0
/input/pagecontent/sf_recherche.md	14341	-	-	-	0	0	0	0	0	0	0	0	0	0	0	0	0	0	0	0	0	0	0	0	0	0	0	0
/input/pagecontent/securite.md	907	-	-	-	0	0	0	0	0	0	0	0	0	0	0	0	0	0	0	0	0	0	0	0	0	0	0	0
/input/pagecontent/construction_des_flux.md	3733	-	-	-	0	0	0	0	0	0	0	0	0	0	0	0	0	0	0	0	0	1	0	0	0	0	0	0
/input/pagecontent/equivalences.md	7379	-	-	-	0	0	0	0	0	0	0	0	0	0	0	0	0	0	0	0	0	0	0	0	0	0	0	0
/input/pagecontent/sf_maj.md	4761	-	-	-	0	0	0	0	0	0	0	0	0	0	0	0	0	0	0	0	0	0	0	0	0	0	0	0
/input/pagecontent/downloads.md	1009	-	-	-	0	0	0	0	0	0	0	0	0	0	0	0	0	0	0	0	0	0	0	0	0	0	0	0
/input/pagecontent/spec_fonctionnelle_originale.md	38770	-	-	-	0	0	0	0	0	0	0	0	0	0	0	0	0	0	0	0	0	1	0	0	0	0	0	0
/input/pagecontent/st_ajout.md	4338	-	-	-	0	0	0	0	0	0	0	0	0	0	0	0	0	0	0	0	0	1	0	0	0	0	0	0
/input/pagecontent/index.md	6672	-	-	-	0	0	0	0	0	0	0	0	0	0	0	0	0	0	0	0	0	13	0	0	0	0	0	0
/input/pagecontent/autres_ressources.md	42	-	-	-	0	0	0	0	0	0	0	0	0	0	0	0	0	0	0	0	0	0	0	0	0	0	0	0
/template/config	0	-	-	-	0	0	0	0	0	0	0	0	0	0	0	0	0	0	0	0	0	0	0	0	0	0	0	0
/template/config/_config.yml	140	-	-	-	0	0	0	0	0	0	0	0	0	0	0	0	0	0	0	0	0	0	0	0	0	0	0	0
/input/images	0	-	-	-	0	0	0	0	0	0	0	0	0	0	0	0	0	0	0	0	0	0	0	0	0	0	0	0
/input/images/PDSm_consultation.svg	11573	-	-	-	0	0	0	0	0	0	0	0	0	0	0	0	0	0	0	0	0	1	0	0	0	0	0	0
/input/images/fonctionnel	0	-	-	-	0	0	0	0	0	0	0	0	0	0	0	0	0	0	0	0	0	0	0	0	0	0	0	0
/input/images/fonctionnel/fig_10.png	163101	-	-	-	0	0	0	0	0	0	0	0	0	0	0	0	0	0	0	0	0	0	0	0	0	0	0	0
/input/images/fonctionnel/fig_13.png	27567	-	-	-	0	0	0	0	0	0	0	0	0	0	0	0	0	0	0	0	0	0	0	0	0	0	0	0
/input/images/fonctionnel/fig_1.png	65097	-	-	-	0	0	0	0	0	0	0	0	0	0	0	0	0	0	0	0	0	0	0	0	0	0	0	0
/input/images/fonctionnel/fig_6.png	127712	-	-	-	0	0	0	0	0	0	0	0	0	0	0	0	0	0	0	0	0	0	0	0	0	0	0	0
/input/images/fonctionnel/fig_14.png	428018	-	-	-	0	0	0	0	0	0	0	0	0	0	0	0	0	0	0	0	0	1	0	0	0	0	0	0
/input/images/fonctionnel/fig_12.png	42193	-	-	-	0	0	0	0	0	0	0	0	0	0	0	0	0	0	0	0	0	0	0	0	0	0	0	0
/input/images/fonctionnel/fig_15.png	29816	-	-	-	0	0	0	0	0	0	0	0	0	0	0	0	0	0	0	0	0	0	0	0	0	0	0	0
/input/images/fonctionnel/fig_2.png	37633	-	-	-	0	0	0	0	0	0	0	0	0	0	0	0	0	0	0	0	0	0	0	0	0	0	0	0
/input/images/fonctionnel/fig_3.png	46862	-	-	-	0	0	0	0	0	0	0	0	0	0	0	0	0	0	0	0	0	0	0	0	0	0	0	0
/input/images/fonctionnel/fig_8.png	86394	-	-	-	0	0	0	0	0	0	0	0	0	0	0	0	0	0	0	0	0	0	0	0	0	0	0	0
/input/images/fonctionnel/fig_9.png	114544	-	-	-	0	0	0	0	0	0	0	0	0	0	0	0	0	0	0	0	0	0	0	0	0	0	0	0
/input/images/fonctionnel/fig_4.png	44555	-	-	-	0	0	0	0	0	0	0	0	0	0	0	0	0	0	0	0	0	0	0	0	0	0	0	0
/input/images/fonctionnel/fig_5.png	43946	-	-	-	0	0	0	0	0	0	0	0	0	0	0	0	0	0	0	0	0	0	0	0	0	0	0	0
/input/images/fonctionnel/fig_7.png	78480	-	-	-	0	0	0	0	0	0	0	0	0	0	0	0	0	0	0	0	0	1	0	0	0	0	0	0
/input/images/fonctionnel/fig_11.png	33009	-	-	-	0	0	0	0	0	0	0	0	0	0	0	0	0	0	0	0	0	0	0	0	0	0	0	0
/input/images/PDSm_profiles.svg	13199	-	-	-	0	0	0	0	0	0	0	0	0	0	0	0	0	0	0	0	0	0	0	0	0	0	0	0
/input/images/PDSm-flux3_4.png	48846	-	-	-	0	0	0	0	0	0	0	0	0	0	0	0	0	0	0	0	0	0	0	0	0	0	0	0
/input/images/PDSm_ajout.svg	13127	-	-	-	0	0	0	0	0	0	0	0	0	0	0	0	0	0	0	0	0	0	0	0	0	0	0	0
/input/images/PDSm-flux9_10.puml	807	-	-	-	0	0	0	0	0	0	0	0	0	0	0	0	0	0	0	0	0	0	0	0	0	0	0	0
/input/images/PDSm-flux9_10.png	17055	-	-	-	0	0	0	0	0	0	0	0	0	0	0	0	0	0	0	0	0	0	0	0	0	0	0	0
/input/images/ci-sis-logo.png	61365	-	-	-	0	0	0	0	0	0	0	0	0	0	0	0	0	0	0	0	0	0	0	0	0	0	0	0
/input/images/PDSm_ajout_simplifie.svg	8773	-	-	-	0	0	0	0	0	0	0	0	0	0	0	0	0	0	0	0	0	0	0	0	0	0	0	0
/input/images/PDSm-flux7_8.png	34945	-	-	-	0	0	0	0	0	0	0	0	0	0	0	0	0	0	0	0	0	0	0	0	0	0	0	0
/input/images/PDSm-flux5_6.png	49519	-	-	-	0	0	0	0	0	0	0	0	0	0	0	0	0	0	0	0	0	1	0	0	0	0	0	0
/input/images/construction_flux.png	632532	-	-	-	0	0	0	0	0	0	0	0	0	0	0	0	0	0	0	0	0	0	0	0	0	0	0	0
/input/images/PDSm_maj.svg	12363	-	-	-	0	0	0	0	0	0	0	0	0	0	0	0	0	0	0	0	0	0	0	0	0	0	0	0
/input/images/PDSm-flux1_2.png	33280	-	-	-	0	0	0	0	0	0	0	0	0	0	0	0	0	0	0	0	0	0	0	0	0	0	0	0
/input/images/PDSm_recherche.svg	12802	-	-	-	0	0	0	0	0	0	0	0	0	0	0	0	0	0	0	0	0	0	0	0	0	0	0	0
/input/images/PDSm-flux7_8.puml	782	-	-	-	0	0	0	0	0	0	0	0	0	0	0	0	0	0	0	0	0	0	0	0	0	0	0	0
/input/images/logo-ANS.svg	17528	-	-	-	0	0	0	0	0	0	0	0	0	0	0	0	0	0	0	0	0	1	0	0	0	0	0	0
/input/images/PDSm-flux1_2.jpg	13180	-	-	-	0	0	0	0	0	0	0	0	0	0	0	0	0	0	0	0	0	0	0	0	0	0	0	0
/temp/pages/_includes/artifacts.xml	17279	-	-	-	-	-	-	-	-	-	-	-	-	-	-	-	-	-	-	-	-	0	0	0	0	0	0	0
